<?xml version="1.0" encoding="utf-8"?>
<!DOCTYPE hibernate-configuration PUBLIC
        "-//Hibernate/Hibernate Configuration DTD 3.0//EN"
        "http://hibernate.sourceforge.net/hibernate-configuration-3.0.dtd">
<hibernate-configuration>
    <session-factory>
        <property name="hibernate.dialect">org.hibernate.dialect.MySQLDialect</property>
        <property name="hibernate.connection.driver_class">com.mysql.jdbc.Driver</property>

        <property name="hibernate.connection.autoReconnect">true</property>
        <property name="hibernate.connection.autoReconnectForPools">true</property>
        <property name="hibernate.connection.autocommit">false</property>

        <property name="hibernate.connection.url">jdbc:mysql://localhost:3306/teste?useUnicode=true&amp;characterEncoding=UTF-8&amp;autoReconnect=true</property>
        <property name="hibernate.connection.username">root</property>
        <property name="hibernate.connection.password">root</property>
        <property name="show_sql">false</property>



        <property name="transaction.factory_class">org.hibernate.transaction.JDBCTransactionFactory</property>
        <!--<property name="connection.pool_size">2</property>-->
        <property name="hibernate.transaction.auto_close_session">true</property>
        <property name="hibernate.connection.release_mode">after_transaction</property>
       <!--<property name="hibernate.c3p0.min_size">2</property>
        <property name="hibernate.c3p0.max_size">30</property>
        <property name="hibernate.c3p0.timeout">300</property>
        <property name="hibernate.c3p0.idle_test_period">150</property>
        <property name="hibernate.max_statements">50</property>-->


        <!--<property name="current_session_context_class">org.hibernate.context.CurrentSessionContext</property>-->
        <!--<property name="current_session_context_class">org.hibernate.context.JTASessionContext</property>-->
        <!--<property name="hibernate.transaction.manager_lookup_class">org.hibernate.transaction.TransactionManagerLookup</property>-->
        <!--<property name="current_session_context_class">org.hibernate.context.ThreadLocalSessionContext</property>-->
        <property name="current_session_context_class">thread</property>

        <!--
            <property name="hibernate.connection.pool_size">3</property>
        -->
        <mapping resource="teste/domain/User.hbm.xml"/>
        <mapping resource="teste/domain/UserSession.hbm.xml"/>
        <mapping resource="teste/domain/Section.hbm.xml"/>
        <mapping resource="teste/domain/Component.hbm.xml"/>
        <mapping resource="teste/domain/Page.hbm.xml"/>
        <!--<mapping resource="teste/domain/Costumer.hbm.xml"/>-->

    </session-factory>
</hibernate-configuration>