<?xml version="1.0"?>
<!DOCTYPE hibernate-mapping
        PUBLIC "-//Hibernate/Hibernate Mapping DTD 3.0//EN"
        "http://hibernate.sourceforge.net/hibernate-mapping-3.0.dtd">
<hibernate-mapping>

    <class name="teste.domain.User" table="user" abstract="true">
        <meta attribute="scope-class">public abstract</meta>
        <id name="id" type="long">
            <generator class="native"/>
        </id>
        <discriminator column="discriminator"/>
        <property name="nome" type="string"/>
        <property name="username" type="string"/>
        <property name="password" type="string"/>
        <property name="email" type="string"/>
        <property name="roles" type="string"/>
        <subclass name="teste.domain.UserImpl" discriminator-value="UserImpl"/>
    </class>
</hibernate-mapping>