<?xml version="1.0" encoding="UTF-8" ?>

<!DOCTYPE tiles-definitions PUBLIC
        "-//Apache Software Foundation//DTD Tiles Configuration 1.1//EN"
        "http://struts.apache.org/dtds/tiles-config_1_1.dtd">

<tiles-definitions>

    <!-- Templates Globais Tiles Definition -->

    <definition name="base.definition" template="/layout1.jsp">
        <put name="title" value="x"/>
        <put name="header" value="header.jsp"/>
        <put name="footer" value="footer.jsp" />
    </definition>

    <definition name="page.home" extends="base.definition">
        <put name="title" value="Software"/>
        <put name="header" value="header.jsp"/>
        <put name="body" value="home.jsp"/>
        <put name="footer" value="nada.jsp"/>
    </definition>

    <definition name="page.login" extends="base.definition">
        <put name="title" value="Login"/>
        <put name="header" value="nada.jsp"/>
        <put name="body" value="login.jsp"/>
        <put name="footer" value="nada.jsp"/>
    </definition>

    <definition name="page.listUser" extends="base.definition">
        <put name="title" value="Register Users"/>
        <put name="header" value="header.jsp"/>
        <put name="body" value="listUser.jsp"/>
        <put name="footer" value="nada.jsp"/>
    </definition>
    
    <definition name="page.verPage" extends="base.definition">
        <put name="title" value="Ver Paginas"/>
        <put name="header" value="header.jsp"/>
        <put name="body" value="verPage.jsp"/>
        <put name="footer" value="nada.jsp"/>
    </definition>

    <definition name="page.listPage" extends="base.definition">
        <put name="title" value="Editar Paginas"/>
        <put name="header" value="header.jsp"/>
        <put name="body" value="listPage.jsp"/>
        <put name="footer" value="nada.jsp"/>
    </definition>

    <definition name="page.listVerPage" extends="base.definition">
        <put name="title" value="Listar Paginas"/>
        <put name="header" value="header.jsp"/>
        <put name="body" value="listVerPage.jsp"/>
        <put name="footer" value="nada.jsp"/>
    </definition>

    <definition name="page.addUser" extends="base.definition">
        <put name="title" value="Add Users"/>
        <put name="header" value="header.jsp"/>
        <put name="body" value="addUser.jsp"/>
        <put name="footer" value="nada.jsp"/>
    </definition>

    <definition name="page.delUser" extends="base.definition">
        <put name="title" value="Del Users"/>
        <put name="header" value="header.jsp"/>
        <put name="body" value="delUser.jsp"/>
        <put name="footer" value="nada.jsp"/>
    </definition>

    <definition name="page.editPage" extends="base.definition">
        <put name="title" value="Editar Paginas"/>
        <put name="header" value="header.jsp"/>
        <put name="body" value="editPage.jsp"/>
        <put name="footer" value="nada.jsp"/>
    </definition>

    <definition name="page.delPage" extends="base.definition">
        <put name="title" value="Editar Paginas"/>
        <put name="header" value="header.jsp"/>
        <put name="body" value="delPage.jsp"/>
        <put name="footer" value="nada.jsp"/>
    </definition>

</tiles-definitions>
